{"DmodosCutter": 0.1016949152542373, "JosephR1201": 0.0, "Ian45368047": 0.0, "DrRosena": 0.34440104166666663, "RichardScribbl1": 0.3767602237654321, "snowmoonshadow": 0.0, "view_cottage": 0.0, "EdnaUnwelthorpe": 0.0, "MichaelRosenYes": 0.1170848267622461, "POSH_JOCK": 0.0, "s9tmt": 0.0, "MimiJ9": 0.037037037037037035, "tonypatt2000": 0.1808762225428892, "drphilhammond": 0.0787037037037037, "DrDomPimenta": 0.24503828723238005, "Gordon1000": 0.0, "FurryDespot": 0.0, "BarbaraSutton15": 0.11764705882352941, "IngramGlynis": 0.0, "LesTroisChenes": 0.100418410041841, "sopranobunny": 0.0, "JohnHoward46": 0.0, "sbattrawden": 0.09265350877192984, "Eddystone506": 0.09760909935004643, "fionn114": 0.0, "Artboy1": 0.0, "JasonGroves1": 0.10074313795996645, "SueSuezep": 0.10598098098098098, "Sillyshib": 0.06018518518518518, "Jay31110641": 0.0, "MAEgofrance": 0.0, "Yvonne49788239": 0.0, "SheronWilkie": 0.0, "RosaSelvagem93": 0.0, "BurtsBikeBits": 0.0, "hawkins_carole": 0.13559322033898305, "DisheartenedD": 0.0, "globalhlthtwit": 0.3109284743459056, "MeallyHen": 0.0, "tommousk": 0.10959319975713419, "CurnowBronwyn": 0.0, "JulieCuninghame": 0.0, "broseph_stalin": 0.09811135638950208, "AndrewSparrow": 0.09326710816777041, "Artemitzi": 0.0, "mmaher70": 0.21306818181818182, "Dorothy90237074": 0.09756097560975609, "knitagran": 0.0, "JanetRogers15": 0.0, "jneill": 0.17514652699837885, "oldstinkyone": 0.0, "PatriciaSomer11": 0.0, "martindvz": 0.0, "VintiquesMark": 0.009259259259259259, "SandraHalifax": 0.0, "DeborahMeaden": 0.4207776240971262, "Indra68": 0.0, "gemandmoll": 0.0, "uk_domain_names": 0.2934959349593496, "TonySloane10": 0.0, "RichardJMurphy": 0.07788010382350005, "redgraeme": 0.0, "Patrici89225734": 0.0, "FishGirls23": 0.12039067576348277, "JohnDalton6011": 0.26916451335055985, "WalshHeyjude": 0.0, "johnpilger": 0.12603734439834025, "gandoflam": 0.0, "StarterPat": 0.0, "LawrenceGilder": 0.18627450980392157, "tinamcdermott10": 0.004629629629629629, "ThatTimWalker": 0.38006756756756754, "janemccourt1": 0.0, "BJ_Gardener": 0.0, "sdnpb_norman": 0.0, "2SpencerRoad": 0.0, "stevewmobb": 0.0, "Edwards72Sue": 0.0, "TCMuffin": 0.0, "judirayner": 0.0, "59stuartjones": 0.0, "F__CKTHETORIES": 0.0, "Idontmind64": 0.0, "PBlockTom": 0.0, "piersmorgan": 0.1189033683889651, "Femi_Sorry": 0.17646489773355445, "FlorenceSSG": 0.07317073170731707, "JustJulz8": 0.08727272727272728, "cleggy261": 0.0, "ThelmaMcNamara3": 0.0, "Allchanges": 0.0, "divadarlings1": 0.0, "Noname06401912": 0.18409586056644878, "piyakhanna": 0.0, "RuthieR": 0.13713200379867047, "robdarneyno1": 0.0, "johnandi": 0.0, "AngelaRayner": 0.07407407407407407, "burdish": 0.0, "dgurdasani1": 0.1323799046571324, "SusanChubb1": 0.0664819944598338, "acgrayling": 0.018518518518518517, "JulieBJewellery": 0.0, "neighbour_kx": 0.0, "seusssl": 0.0, "chrischirp": 0.09462616822429906, "caz5697": 0.0, "BpsmithUk": 0.11594202898550723, "KKrowe9": 0.0, "FFCGCFC66": 0.0, "AlisonRam": 0.2887700534759358, "heather63262308": 0.0, "Lorelei_174": 0.0, "jemloire": 0.0, "StephenMcGann": 0.21299254526091588, "AndrewW66619812": 0.07868852459016393, "DavidGauke": 0.22988505747126436, "CymraegChris": 0.0, "JayMitchinson": 0.044444444444444446, "ChrissieGrech": 0.07901234567901234, "Number10cat": 0.09259259259259259, "fascinatorfun": 0.20399419026870008, "stergio2": 0.0, "kazzacoey": 0.1294767645003494, "UKdemocrat": 0.45961509029690845, "janestevenson68": 0.12191358024691358, "DrEricDing": 0.14222318173095372, "authoress41": 0.0, "Itsativoliday13": 0.0, "nancyholiday": 0.0, "mooojones": 0.0, "eric_max_123": 0.0, "DutchNewchurch": 0.0, "timcurtisart": 0.0, "davesh153": 0.0, "PeterStefanovi2": 0.08333333333333333, "LMcjury": 0.0, "ledredman": 0.023148148148148147, "SpanishDan1": 0.10396361273554255, "JimMFelton": 0.13597184582956942, "karenbway_karen": 0.0, "MartinD35757404": 0.004629629629629629, "nickynicky77551": 0.0, "MargyMayell": 0.0, "DonWurkin": 0.006172839506172839, "catherinemginn": 0.006172839506172839, "RLong_Bailey": 0.046296296296296294, "catsincharge20": 0.0, "spicerhl": 0.0, "60sleigh": 0.0, "PatrickAndrews": 0.0, "ChristopherDug2": 0.0, "jagxjr40": 0.0, "phyl_jones": 0.0, "HelenRSalisbury": 0.1701388888888889, "homeryead": 0.0, "PaulPaul49": 0.08695652173913043, "Austchloe": 0.0, "Kevin_Maguire": 0.22497396995388966, "xpatjock": 0.0, "doctor_oxford": 0.48354127432517263, "JennyJones1313": 0.0, "NickStevenson63": 0.0, "Sanyeh1": 0.0, "BawsmanJJ": 0.0, "LawdyMissClawdy": 0.20148215981549317, "thinkofthehuma1": 0.0, "DrWinTadd": 0.0, "EdenRiver3": 0.0, "sportmarketing1": 0.11594202898550723, "Darrell58156011": 0.0, "raymond_benton": 0.0, "SteveLawrence_": 0.06049382716049383, "Tsunami65": 0.004629629629629629, "Matthew82069336": 0.18310834198684667, "GeziWoman": 0.0, "chris_traynor": 0.0, "guse_guse": 0.004629629629629629, "ElliH53": 0.0, "mconway70": 0.0, "larmyr10": 0.0, "BorisJohnson": 0.33103229717813054, "krishgm": 0.34582860922146635, "Bexb47": 0.0, "sammwittings": 0.28613756613756614, "CordeliaAppleb1": 0.0, "margaret_ruane": 0.0, "SueLam25": 0.0, "simonclarke10": 0.0, "JujuliaGrace": 0.35322568503462815, "carryonkeith": 0.1789277862337223, "steve20594431": 0.0, "RashellTamina": 0.0, "Doz67622445": 0.0979591836734694, "MrRobertBob1": 0.1039360393603936, "LJRyder16": 0.0, "johnrobertforde": 0.0, "brewdog1950": 0.0, "Sharedlives4": 0.0, "itvnews": 0.08778901734104046, "DianeFirestoker": 0.0, "SandraDunn1955": 0.0, "fitzfun2011": 0.13714285714285712, "philt5116": 0.0, "davidqhog": 0.0, "JulieTaylorLan1": 0.0933852140077821, "DingaBelle": 0.0, "Penelop11785074": 0.0, "HopeFbpe": 0.0, "franbulwer": 0.010416666666666666, "LaizyDaizey": 0.0, "DbAshby": 0.0, "viviengreenlee1": 0.0, "Rosiecat2": 0.0, "DrNeilStone": 0.21399815965033353, "Dougmbe97": 0.0, "TymVirginia": 0.0}