{"DmodosCutter": 0.046296296296296294, "JosephR1201": 0.046296296296296294, "Ian45368047": 0.046296296296296294, "DrRosena": 0.38425925925925924, "RichardScribbl1": 0.375, "snowmoonshadow": 0.046296296296296294, "view_cottage": 0.046296296296296294, "EdnaUnwelthorpe": 0.046296296296296294, "MichaelRosenYes": 0.12037037037037036, "POSH_JOCK": 0.05092592592592592, "s9tmt": 0.06018518518518518, "MimiJ9": 0.046296296296296294, "tonypatt2000": 0.16203703703703703, "drphilhammond": 0.07870370370370369, "DrDomPimenta": 0.2361111111111111, "Gordon1000": 0.046296296296296294, "FurryDespot": 0.05092592592592592, "BarbaraSutton15": 0.1388888888888889, "IngramGlynis": 0.046296296296296294, "LesTroisChenes": 0.046296296296296294, "sopranobunny": 0.05092592592592592, "JohnHoward46": 0.07407407407407407, "sbattrawden": 0.05092592592592592, "Eddystone506": 0.06018518518518518, "fionn114": 0.05092592592592592, "Artboy1": 0.06944444444444445, "JasonGroves1": 0.046296296296296294, "SueSuezep": 0.06018518518518518, "Sillyshib": 0.06018518518518518, "Jay31110641": 0.05555555555555555, "MAEgofrance": 0.09722222222222221, "Yvonne49788239": 0.046296296296296294, "SheronWilkie": 0.05092592592592592, "RosaSelvagem93": 0.046296296296296294, "BurtsBikeBits": 0.046296296296296294, "hawkins_carole": 0.125, "DisheartenedD": 0.09259259259259259, "globalhlthtwit": 0.28703703703703703, "MeallyHen": 0.08333333333333333, "tommousk": 0.06481481481481481, "CurnowBronwyn": 0.05555555555555555, "JulieCuninghame": 0.11574074074074073, "broseph_stalin": 0.06944444444444445, "AndrewSparrow": 0.05092592592592592, "Artemitzi": 0.046296296296296294, "mmaher70": 0.18055555555555555, "Dorothy90237074": 0.06018518518518518, "knitagran": 0.046296296296296294, "JanetRogers15": 0.06944444444444445, "jneill": 0.046296296296296294, "oldstinkyone": 0.06944444444444445, "PatriciaSomer11": 0.06481481481481481, "martindvz": 0.046296296296296294, "VintiquesMark": 0.05092592592592592, "SandraHalifax": 0.06481481481481481, "DeborahMeaden": 0.3611111111111111, "Indra68": 0.05555555555555555, "gemandmoll": 0.05092592592592592, "uk_domain_names": 0.3194444444444444, "TonySloane10": 0.05092592592592592, "RichardJMurphy": 0.07870370370370369, "redgraeme": 0.046296296296296294, "Patrici89225734": 0.046296296296296294, "FishGirls23": 0.05092592592592592, "JohnDalton6011": 0.22685185185185183, "WalshHeyjude": 0.05092592592592592, "johnpilger": 0.06944444444444445, "gandoflam": 0.06018518518518518, "StarterPat": 0.06944444444444445, "LawrenceGilder": 0.046296296296296294, "tinamcdermott10": 0.06481481481481481, "ThatTimWalker": 0.3657407407407407, "janemccourt1": 0.05092592592592592, "BJ_Gardener": 0.05555555555555555, "sdnpb_norman": 0.046296296296296294, "2SpencerRoad": 0.06018518518518518, "stevewmobb": 0.05555555555555555, "Edwards72Sue": 0.046296296296296294, "TCMuffin": 0.05555555555555555, "judirayner": 0.046296296296296294, "59stuartjones": 0.046296296296296294, "F__CKTHETORIES": 0.06944444444444445, "Idontmind64": 0.05555555555555555, "PBlockTom": 0.05092592592592592, "piersmorgan": 0.05555555555555555, "Femi_Sorry": 0.08796296296296297, "FlorenceSSG": 0.046296296296296294, "JustJulz8": 0.046296296296296294, "cleggy261": 0.07870370370370369, "ThelmaMcNamara3": 0.046296296296296294, "Allchanges": 0.05092592592592592, "divadarlings1": 0.05555555555555555, "Noname06401912": 0.05092592592592592, "piyakhanna": 0.06018518518518518, "RuthieR": 0.06944444444444445, "robdarneyno1": 0.06481481481481481, "johnandi": 0.06481481481481481, "AngelaRayner": 0.07870370370370369, "burdish": 0.046296296296296294, "dgurdasani1": 0.046296296296296294, "SusanChubb1": 0.046296296296296294, "acgrayling": 0.05555555555555555, "JulieBJewellery": 0.05092592592592592, "neighbour_kx": 0.10648148148148148, "seusssl": 0.05092592592592592, "chrischirp": 0.07407407407407407, "caz5697": 0.08796296296296297, "BpsmithUk": 0.07870370370370369, "KKrowe9": 0.05092592592592592, "FFCGCFC66": 0.05092592592592592, "AlisonRam": 0.2685185185185185, "heather63262308": 0.08796296296296297, "Lorelei_174": 0.046296296296296294, "jemloire": 0.07407407407407407, "StephenMcGann": 0.13425925925925924, "AndrewW66619812": 0.05092592592592592, "DavidGauke": 0.12037037037037036, "CymraegChris": 0.06481481481481481, "JayMitchinson": 0.046296296296296294, "ChrissieGrech": 0.046296296296296294, "Number10cat": 0.09259259259259259, "fascinatorfun": 0.2037037037037037, "stergio2": 0.05092592592592592, "kazzacoey": 0.06944444444444445, "UKdemocrat": 0.4351851851851852, "janestevenson68": 0.06018518518518518, "DrEricDing": 0.06018518518518518, "authoress41": 0.05092592592592592, "Itsativoliday13": 0.046296296296296294, "nancyholiday": 0.06944444444444445, "mooojones": 0.06944444444444445, "eric_max_123": 0.05092592592592592, "DutchNewchurch": 0.06944444444444445, "timcurtisart": 0.046296296296296294, "davesh153": 0.05092592592592592, "PeterStefanovi2": 0.09259259259259259, "LMcjury": 0.046296296296296294, "ledredman": 0.05555555555555555, "SpanishDan1": 0.12962962962962962, "JimMFelton": 0.10648148148148148, "karenbway_karen": 0.06018518518518518, "MartinD35757404": 0.06018518518518518, "nickynicky77551": 0.046296296296296294, "MargyMayell": 0.046296296296296294, "DonWurkin": 0.05092592592592592, "catherinemginn": 0.06944444444444445, "RLong_Bailey": 0.046296296296296294, "catsincharge20": 0.07407407407407407, "spicerhl": 0.05092592592592592, "60sleigh": 0.06481481481481481, "PatrickAndrews": 0.06018518518518518, "ChristopherDug2": 0.05555555555555555, "jagxjr40": 0.06481481481481481, "phyl_jones": 0.05092592592592592, "HelenRSalisbury": 0.09722222222222221, "homeryead": 0.046296296296296294, "PaulPaul49": 0.06018518518518518, "Austchloe": 0.06018518518518518, "Kevin_Maguire": 0.07407407407407407, "xpatjock": 0.05092592592592592, "doctor_oxford": 0.4861111111111111, "JennyJones1313": 0.046296296296296294, "NickStevenson63": 0.046296296296296294, "Sanyeh1": 0.06018518518518518, "BawsmanJJ": 0.046296296296296294, "LawdyMissClawdy": 0.08796296296296297, "thinkofthehuma1": 0.06944444444444445, "DrWinTadd": 0.05092592592592592, "EdenRiver3": 0.046296296296296294, "sportmarketing1": 0.046296296296296294, "Darrell58156011": 0.046296296296296294, "raymond_benton": 0.05092592592592592, "SteveLawrence_": 0.06018518518518518, "Tsunami65": 0.05555555555555555, "Matthew82069336": 0.12962962962962962, "GeziWoman": 0.06018518518518518, "chris_traynor": 0.09259259259259259, "guse_guse": 0.06481481481481481, "ElliH53": 0.08333333333333333, "mconway70": 0.05555555555555555, "larmyr10": 0.046296296296296294, "BorisJohnson": 0.046296296296296294, "krishgm": 0.3472222222222222, "Bexb47": 0.05555555555555555, "sammwittings": 0.2824074074074074, "CordeliaAppleb1": 0.05092592592592592, "margaret_ruane": 0.06018518518518518, "SueLam25": 0.05092592592592592, "simonclarke10": 0.06018518518518518, "JujuliaGrace": 0.32870370370370366, "carryonkeith": 0.14814814814814814, "steve20594431": 0.06018518518518518, "RashellTamina": 0.046296296296296294, "Doz67622445": 0.05092592592592592, "MrRobertBob1": 0.046296296296296294, "LJRyder16": 0.07870370370370369, "johnrobertforde": 0.046296296296296294, "brewdog1950": 0.046296296296296294, "Sharedlives4": 0.046296296296296294, "itvnews": 0.06018518518518518, "DianeFirestoker": 0.06944444444444445, "SandraDunn1955": 0.12037037037037036, "fitzfun2011": 0.20833333333333331, "philt5116": 0.046296296296296294, "davidqhog": 0.046296296296296294, "JulieTaylorLan1": 0.05555555555555555, "DingaBelle": 0.046296296296296294, "Penelop11785074": 0.05092592592592592, "HopeFbpe": 0.07870370370370369, "franbulwer": 0.05092592592592592, "LaizyDaizey": 0.046296296296296294, "DbAshby": 0.046296296296296294, "viviengreenlee1": 0.08333333333333333, "Rosiecat2": 0.046296296296296294, "DrNeilStone": 0.046296296296296294, "Dougmbe97": 0.046296296296296294, "TymVirginia": 0.09259259259259259}