{"GJDeane": 0.002785515320334262, "michaelyianni3": 0.0, "DejCathy": 0.0, "annief1": 0.013927576601671309, "SebastianEPayne": 0.011142061281337047, "sopranobunny": 0.0, "merieveritt": 0.0, "townfieldfox": 0.0, "tomhfh": 0.017061281337047353, "SteveBakerHW": 0.008356545961002786, "DailyMailUK": 0.01160631383472609, "Jennyflower": 0.00626740947075209, "danharrison92": 0.002785515320334262, "TeenaGates": 0.002785515320334262, "alikhan28": 0.005571030640668524, "KevinJosephCMX": 0.00626740947075209, "Changeling_1": 0.002785515320334262, "ballet_ann": 0.0, "SarahJ_Whitney": 0.0, "pete77022741": 0.002785515320334262, "ThatTimWalker": 0.026377985988013844, "glen_fewings": 0.0, "JohnLewisEU": 0.005571030640668524, "lennieladdie": 0.0, "EcclesAdy": 0.0, "sceptical50": 0.0, "anyotherleader": 0.0, "Reuters": 0.013927576601671309, "MirrorPolitics": 0.008356545961002786, "sukihothi": 0.0, "NobleGuardianIE": 0.005571030640668524, "piersmorgan": 0.055710306406685235, "Femi_Sorry": 0.01910067648229208, "KevinRampling": 0.009904054472299598, "NYGovCuomo": 0.008913649025069638, "AlexBerenson": 0.022284122562674095, "nickon1055": 0.0, "BenDunnell": 0.009948269001193792, "m0919267": 0.0, "rebjch": 0.0, "BpsmithUk": 0.005571030640668524, "FFCGCFC66": 0.0, "theRealRayThomp": 0.005571030640668524, "CityNewsTO": 0.008356545961002786, "IanMaher7": 0.015185551262467428, "WorldCOVID19": 0.0, "BertaW": 0.002785515320334262, "nooneatnowhere": 0.0, "seanayre23": 0.0, "MattHancock": 0.0825337872691633, "scally55": 0.0, "laserlipstick": 0.002785515320334262, "Duffycaramole": 0.0, "Pembs_Citizen_Z": 0.0, "mi6rogue": 0.016493182817768657, "OrbitStudios": 0.005013927576601671, "brianrstill": 0.00626740947075209, "DonSuths88": 0.0, "PritchardGriff2": 0.0, "doctor_oxford": 0.03243777518195705, "AngelaRoberts2": 0.0, "McFlavour7": 0.0, "Iamlistening666": 0.002785515320334262, "SusanlLawson": 0.0, "GPDrYvetteDoc": 0.010027855153203343, "ScottGottliebMD": 0.008356545961002786, "Dollymixture200": 0.0, "afneil": 0.016206634591035704, "andylonsdaledol": 0.002785515320334262, "JamesCleverly": 0.008913649025069638, "PhilipRadbourne": 0.0, "mcallcott": 0.0, "MiraDreams": 0.0, "plugtheleckie": 0.0, "newey1980": 0.0, "ineverfollow": 0.0, "zettsail": 0.0, "DHSCgovuk": 0.020511521904279566, "paulreiddublin": 0.008704735376044569, "bradydan": 0.002785515320334262, "trygerspud": 0.0, "martinhector1": 0.005571030640668524, "julianHjessop": 0.005571030640668524, "behonest65": 0.0, "Closertothedge1": 0.0, "MarCAjD4": 0.002785515320334262, "tabithaplain": 0.002785515320334262, "DenbyJnrJnr": 0.0, "Timlagor": 0.0, "heleneburr": 0.0, "DbAshby": 0.003714020427112349, "MrsABC321": 0.007750999152234468, "10DowningStreet": 0.013927576601671309, "Geordiebish007": 0.005571030640668524, "liamyoung": 0.017355903149775014, "987_charles": 0.002785515320334262, "DKJalink": 0.0, "MickeyDee43": 0.003714020427112349, "Samanth82047844": 0.005571030640668524, "Peston": 0.026462395543175487, "DrDomPimenta": 0.017061281337047353, "Tay0nig": 0.0, "LBC": 0.03064066852367688, "cmdhindle": 0.002785515320334262, "EstherMcVey1": 0.013649025069637883, "a_darkcorner": 0.00626740947075209, "JasonGroves1": 0.05599600028569388, "JustSayEngland": 0.0, "titianted": 0.0, "LEdwardsShea": 0.0, "BernieRandall8": 0.002785515320334262, "derek_longden": 0.0, "googoo4gaga6": 0.0, "JuliaHB1": 0.0365915421625728, "OnNegation": 0.002785515320334262, "dragonfly_": 0.0, "MikeUKScott": 0.0, "BBCNews": 0.02856938790086422, "melulater": 0.005571030640668524, "Reset_The_WES": 0.0, "Onebiskuit": 0.0, "rmholdsworth": 0.019202275825282996, "JohnTory": 0.008913649025069638, "News24": 0.011142061281337047, "NotJstABlindGuy": 0.0, "AllTheDisasters": 0.0, "Citi_ZenSane": 0.002785515320334262, "edwinhayward": 0.008356545961002786, "BBCPolitics": 0.016713091922005572, "AlisonRam": 0.007428040854224698, "JerseygirlSusan": 0.003714020427112349, "SkyNews": 0.05305743467303355, "Msthaby1": 0.005571030640668524, "SophieCarrPhoto": 0.007713734733233341, "kerry_sbli": 0.003714020427112349, "kiwanuka80": 0.002785515320334262, "bbclaurak": 0.013927576601671309, "NYHISD": 0.0, "icecreemy": 0.002785515320334262, "BritishAlba": 0.002785515320334262, "ClareEB2": 0.003714020427112349, "NYInformed": 0.0, "simon_ball46": 0.0, "tezzr44": 0.002785515320334262, "YvonneBurford": 0.003714020427112349, "Gaby98699204": 0.002785515320334262, "Ian63smart": 0.003714020427112349, "harrison_alan": 0.0, "decarteret2006": 0.005571030640668524, "karmamum1": 0.002785515320334262, "GabrielScally": 0.009116231957457584, "BrokenMatrix2": 0.0, "abigailinthedel": 0.0, "HaryaxPathak": 0.008356545961002786, "bickypeg": 0.005803156917363045, "richbsys": 0.005013927576601671, "LindaLunn7": 0.0, "Jeromesh68": 0.0, "VernonBriscoe": 0.002785515320334262, "TorontoIDDoc": 0.008913649025069638, "amateuradam": 0.011142061281337047, "adrian_sharman": 0.0, "StanleyZheng17": 0.0, "uptheboro4": 0.0, "bea1060": 0.003714020427112349, "BogochIsaac": 0.010713520462824084, "ColeshillJohn": 0.0, "ianrweeks": 0.01465423277219329, "tanb2002": 0.0, "TeamBaDJane": 0.002785515320334262, "laoda2000": 0.002785515320334262, "RonaldA16957298": 0.0, "libertarian993": 0.002785515320334262, "IanBarwell1": 0.0, "DrRosena": 0.0397053963457816, "AnnB03": 0.008356545961002786, "Nkocnaty_Jele": 0.002785515320334262, "anthonyfurey": 0.008356545961002786, "edinburghlurker": 0.002785515320334262, "roger_lfc": 0.002785515320334262, "YegorTarazevich": 0.002785515320334262, "GraemeC46706422": 0.0, "Elise_ekd": 0.005013927576601671, "Robbi_K_": 0.002785515320334262, "JackBon60290058": 0.0, "jkwan_md": 0.009401114206128134, "AnnLouise_66": 0.005571030640668524, "Hulagirluk1965": 0.0, "canada7hansen": 0.0, "NigheanEilidh": 0.0, "JoeBiden": 0.008356545961002786, "Chrissy1b": 0.01160631383472609, "ajakse7en": 0.0, "northerness": 0.002785515320334262, "64angel2": 0.0, "Jocelynbeard": 0.002785515320334262, "WeCopyYouDown": 0.0, "SpinnrGames": 0.0, "cj_dinenage": 0.005571030640668524, "AndrewClemson": 0.004178272980501393, "RichardKing633": 0.0, "Mr_Matt_Read": 0.0, "MLGG2": 0.0, "DrKateTO": 0.008356545961002786, "EmblenReal": 0.002785515320334262, "JustJulz8": 0.005013927576601671, "AsBrexit": 0.01532033426183844, "staciemontero": 0.005571030640668524, "Buti_Hlomz": 0.005571030640668524, "JulieOwenMoylan": 0.010499250053567602, "saramaxineARA": 0.0, "EadeDebbie": 0.009099350046425255, "GeorgesonMaggie": 0.0, "cestmoialex": 0.003714020427112349, "splootman": 0.0, "BillyBy17": 0.002785515320334262, "YouBrokeItMate": 0.005571030640668524, "EleLavernock": 0.004178272980501393, "DPJHodges": 0.019896538002387585, "AngusAllan66": 0.0, "bbc5live": 0.011142061281337047, "DavidGauke": 0.01432550736171906, "BBCBreakfast": 0.030854938932933364, "fascinatorfun": 0.011142061281337047, "rufford_oakes": 0.0, "UKdemocrat": 0.01883008356545961, "ClarkeMicah": 0.024394361441715202, "GreatDando": 0.002785515320334262, "MotsoAphi": 0.005571030640668524, "NaomitimT": 0.002785515320334262, "KayGriffiths7": 0.0, "ElizAthertonSop": 0.002785515320334262, "blacksmithslane": 0.0, "Fastfix3": 0.0, "UnpubWrites": 0.005571030640668524, "TimCronin152": 0.0, "NM_Rdg": 0.002785515320334262, "PaulPaul49": 0.003714020427112349, "TheUnOfficialPg": 0.0, "TheSun": 0.011142061281337047, "allanplaskett": 0.0, "CBCNews": 0.008913649025069638, "RangoTheGrump": 0.005571030640668524, "FlintyRich": 0.002785515320334262, "DeepthiLavu": 0.00626740947075209, "jadegoose": 0.0, "GuidoFawkes": 0.008356545961002786, "helen_barnowl": 0.00626740947075209, "GreenPartyMolly": 0.010499250053567602, "BorisJohnson": 0.020511521904279566, "krishgm": 0.04788433479241279, "matt_fallaize": 0.005571030640668524, "AAGusJones1": 0.0, "thejonnyreilly": 0.021065459610027853, "Nig1877": 0.0, "JujuliaGrace": 0.014856081708449397, "sebserlo": 0.005571030640668524, "hypnocaroline": 0.004178272980501393, "AndyDBerks01": 0.003714020427112349, "fact_covid": 0.002785515320334262, "LJRyder16": 0.0, "adandec": 0.0,