{"GJDeane": 1.5561538102426044e-05, "michaelyianni3": 0.0, "DejCathy": 0.0, "annief1": 7.391730598652371e-05, "SebastianEPayne": 0.0, "sopranobunny": 0.0, "merieveritt": 0.0, "townfieldfox": 0.0, "tomhfh": 0.0, "SteveBakerHW": 0.0, "DailyMailUK": 0.0, "Jennyflower": 0.00011671153576819533, "danharrison92": 7.780769051213022e-06, "TeenaGates": 0.0, "alikhan28": 0.0, "KevinJosephCMX": 1.5561538102426044e-05, "Changeling_1": 0.0, "ballet_ann": 0.0, "SarahJ_Whitney": 0.0, "pete77022741": 0.0, "ThatTimWalker": 0.0, "glen_fewings": 0.0, "JohnLewisEU": 0.0, "lennieladdie": 0.0, "EcclesAdy": 0.0, "sceptical50": 0.0, "anyotherleader": 0.0, "Reuters": 0.0, "MirrorPolitics": 0.0, "sukihothi": 0.0, "NobleGuardianIE": 7.780769051213022e-06, "piersmorgan": 0.0, "Femi_Sorry": 0.0, "KevinRampling": 6.224615240970417e-05, "NYGovCuomo": 0.0, "AlexBerenson": 0.0, "nickon1055": 0.0, "BenDunnell": 0.0, "m0919267": 0.0, "rebjch": 0.0, "BpsmithUk": 0.00013227307387062137, "FFCGCFC66": 0.0, "theRealRayThomp": 5.835576788409766e-05, "CityNewsTO": 0.0, "IanMaher7": 0.0, "WorldCOVID19": 0.0, "BertaW": 0.0, "nooneatnowhere": 0.0, "seanayre23": 0.0, "MattHancock": 0.0, "scally55": 0.0, "laserlipstick": 1.5561538102426044e-05, "Duffycaramole": 0.0, "Pembs_Citizen_Z": 0.0, "mi6rogue": 0.0, "OrbitStudios": 0.0, "brianrstill": 1.5561538102426044e-05, "DonSuths88": 0.0, "PritchardGriff2": 0.0, "doctor_oxford": 0.0, "AngelaRoberts2": 0.0, "McFlavour7": 0.0, "Iamlistening666": 3.112307620485209e-05, "SusanlLawson": 0.0, "GPDrYvetteDoc": 0.0001789576881778995, "ScottGottliebMD": 0.0, "Dollymixture200": 0.0, "afneil": 0.0, "andylonsdaledol": 7.780769051213022e-06, "JamesCleverly": 0.0, "PhilipRadbourne": 0.0, "mcallcott": 0.0, "MiraDreams": 0.0, "plugtheleckie": 0.0, "newey1980": 0.0, "ineverfollow": 0.0, "zettsail": 0.0, "DHSCgovuk": 0.0, "paulreiddublin": 0.0, "bradydan": 7.780769051213022e-06, "trygerspud": 0.0, "martinhector1": 0.0, "julianHjessop": 1.5561538102426044e-05, "behonest65": 0.0, "Closertothedge1": 0.0, "MarCAjD4": 1.5561538102426044e-05, "tabithaplain": 7.780769051213022e-06, "DenbyJnrJnr": 0.0, "Timlagor": 0.0, "heleneburr": 0.0, "DbAshby": 3.112307620485209e-05, "MrsABC321": 0.00012449230481940835, "10DowningStreet": 0.0, "Geordiebish007": 0.0, "liamyoung": 0.0, "987_charles": 2.3342307153639065e-05, "DKJalink": 0.0, "MickeyDee43": 0.0001400538429218344, "Samanth82047844": 0.0, "Peston": 0.0, "DrDomPimenta": 0.0, "Tay0nig": 0.0, "LBC": 0.0, "cmdhindle": 7.780769051213022e-06, "EstherMcVey1": 0.0, "a_darkcorner": 0.0, "JasonGroves1": 0.0, "JustSayEngland": 0.0, "titianted": 0.0, "LEdwardsShea": 0.0, "BernieRandall8": 2.3342307153639065e-05, "derek_longden": 0.0, "googoo4gaga6": 0.0, "JuliaHB1": 0.0, "OnNegation": 7.780769051213022e-06, "dragonfly_": 0.0, "MikeUKScott": 0.0, "BBCNews": 0.0, "melulater": 7.780769051213022e-06, "Reset_The_WES": 0.0, "Onebiskuit": 0.0, "rmholdsworth": 0.0, "JohnTory": 0.0, "News24": 0.0, "NotJstABlindGuy": 0.0, "AllTheDisasters": 0.0, "Citi_ZenSane": 0.0, "edwinhayward": 0.0, "BBCPolitics": 0.0, "AlisonRam": 3.112307620485209e-05, "JerseygirlSusan": 0.0, "SkyNews": 0.0, "Msthaby1": 7.780769051213022e-06, "SophieCarrPhoto": 8.558845956334324e-05, "kerry_sbli": 6.224615240970417e-05, "kiwanuka80": 0.0, "bbclaurak": 0.0, "NYHISD": 0.0, "icecreemy": 0.0, "BritishAlba": 1.5561538102426044e-05, "ClareEB2": 1.5561538102426044e-05, "NYInformed": 0.0, "simon_ball46": 0.0, "tezzr44": 0.0, "YvonneBurford": 0.0, "Gaby98699204": 3.112307620485209e-05, "Ian63smart": 3.112307620485209e-05, "harrison_alan": 0.0, "decarteret2006": 7.780769051213022e-06, "karmamum1": 7.780769051213022e-06, "GabrielScally": 0.0, "BrokenMatrix2": 0.0, "abigailinthedel": 0.0, "HaryaxPathak": 1.5561538102426044e-05, "bickypeg": 0.0002100807643827516, "richbsys": 0.00018673845722911252, "LindaLunn7": 0.0, "Jeromesh68": 0.0, "VernonBriscoe": 2.3342307153639065e-05, "TorontoIDDoc": 0.0, "amateuradam": 0.0, "adrian_sharman": 0.0, "StanleyZheng17": 0.0, "uptheboro4": 0.0, "bea1060": 0.0, "BogochIsaac": 0.0, "ColeshillJohn": 0.0, "ianrweeks": 0.0, "tanb2002": 0.0, "TeamBaDJane": 7.780769051213022e-06, "laoda2000": 7.780769051213022e-06, "RonaldA16957298": 0.0, "libertarian993": 3.112307620485209e-05, "IanBarwell1": 0.0, "DrRosena": 0.0, "AnnB03": 0.00011671153576819533, "Nkocnaty_Jele": 0.0, "anthonyfurey": 0.0, "edinburghlurker": 7.780769051213022e-06, "roger_lfc": 1.5561538102426044e-05, "YegorTarazevich": 5.835576788409766e-05, "GraemeC46706422": 0.0, "Elise_ekd": 0.00011671153576819533, "Robbi_K_": 2.3342307153639065e-05, "JackBon60290058": 0.0, "jkwan_md": 0.0, "AnnLouise_66": 2.3342307153639065e-05, "Hulagirluk1965": 0.0, "canada7hansen": 0.0, "NigheanEilidh": 0.0, "JoeBiden": 0.0, "Chrissy1b": 0.00017117691912668648, "ajakse7en": 0.0, "northerness": 1.5561538102426044e-05, "64angel2": 0.0, "Jocelynbeard": 7.780769051213022e-06, "WeCopyYouDown": 0.0, "SpinnrGames": 0.0, "cj_dinenage": 2.3342307153639065e-05, "AndrewClemson": 7.780769051213022e-06, "RichardKing633": 0.0, "Mr_Matt_Read": 0.0, "MLGG2": 0.0, "DrKateTO": 0.00012449230481940835, "EmblenReal": 7.780769051213022e-06, "JustJulz8": 4.668461430727813e-05, "AsBrexit": 8.558845956334324e-05, "staciemontero": 0.0, "Buti_Hlomz": 0.0, "JulieOwenMoylan": 0.00017117691912668648, "saramaxineARA": 0.0, "EadeDebbie": 0.0002178615334339646, "GeorgesonMaggie": 0.0, "cestmoialex": 0.0, "splootman": 0.0, "BillyBy17": 3.890384525606511e-05, "YouBrokeItMate": 7.780769051213022e-05, "EleLavernock": 0.00019451922628032554, "DPJHodges": 0.00018673845722911252, "AngusAllan66": 0.0, "bbc5live": 0.0, "DavidGauke": 0.0, "BBCBreakfast": 0.0, "fascinatorfun": 9.336922861455626e-05, "rufford_oakes": 0.0, "UKdemocrat": 0.0, "ClarkeMicah": 0.0, "GreatDando": 0.0, "MotsoAphi": 0.0, "NaomitimT": 7.780769051213022e-06, "KayGriffiths7": 0.0, "ElizAthertonSop": 0.0, "blacksmithslane": 0.0, "Fastfix3": 0.0, "UnpubWrites": 9.336922861455626e-05, "TimCronin152": 0.0, "NM_Rdg": 7.780769051213022e-06, "PaulPaul49": 4.668461430727813e-05, "TheUnOfficialPg": 0.0, "TheSun": 0.0, "allanplaskett": 0.0, "CBCNews": 0.0, "RangoTheGrump": 9.336922861455626e-05, "FlintyRich": 1.5561538102426044e-05, "DeepthiLavu": 1.5561538102426044e-05, "jadegoose": 0.0, "GuidoFawkes": 0.0, "helen_barnowl": 8.558845956334324e-05, "GreenPartyMolly": 0.0, "BorisJohnson": 0.0, "krishgm": 0.0, "matt_fallaize": 0.0, "AAGusJones1": 0.0, "thejonnyreilly": 0.0, "Nig1877": 0.0, "JujuliaGrace": 0.0, "sebserlo": 1.5561538102426044e-05, "hypnocaroline": 2.3342307153639065e-05, "AndyDBerks01": 7.780769051213022e-05, "fact_covid": 1.5561538102426044e-05, "LJRyder16": 0.0, "adandec": 0.0, "MattPolo2493": 0.0, "Conservatives": 0.0, "mikeythenurse": 0.0, "DavidLammy": 0.0, "itvpeston": 0.0, "ivor_mectin": 0.0, "JillyAllen16": 0.0, "toryboypierce": 0.0, "LesTroisChenes": 9.336922861455626e-05, "DrewStevens0": 0.0, "JohnHuwEvans2": 0.0, "POTUS048": 7.780769051213022e-06, "ITVNewsPolitics": 0.0, "tommousk": 5.446538335849115e-05, "Paula2555588615": 1.5561538102426044e-05, "Woo100": 0.0, "Nkandla5": 0.0, "Newsmonger_mh": 0.0, "DeborahMeaden": 0.0, "CNN": 0.0, "Pollard1Jo": 0.0, "GGPotterer": 1.5561538102426044e-05, "DMinghella": 0.0, "DrAndrewGreen": 4.668461430727813e-05, "dunc_smith": 0.0, "vivjones10": 0.0, "DrAftabKhanUSA": 3.890384525606511e-06, "ChrisMasonBBC": 0.0, "nilikm": 0.00013227307387062137, "Alisonbluesky": 0.0, "BoxerMk2": 0.0, "STR8Homah": 0.0, "MarkFoxNews": 0.0, "suemgsimpson123": 5.446538335849115e-05, "TatumFan4Life": 7.780769051213022e-06, "Lebo_G": 0.0, "sabrexine": 3.890384525606511e-05, "Goldcoastco15": 0.0, "lubinarose": 7.00269214609172e-05, "GorwayGlobal": 0.0, "PhilibertLeslie": 0.0, "EmperorG24": 0.0, "AngelaRayner": 0.0, "stoddard_worman": 0.0, "MarcMacsharryTD": 1.5561538102426044e-05, "Idolovemovies": 2.3342307153639065e-05, "LemonRunning": 7.780769051213022e-06, "SallyMi83941850": 0.0001400538429218344, "danbloom1": 0.0, "NHSEngland": 0.0,