{"GJDeane": 0.011142061281337047, "michaelyianni3": 0.016713091922005572, "DejCathy": 0.008356545961002786, "annief1": 0.011142061281337047, "SebastianEPayne": 0.011142061281337047, "sopranobunny": 0.027855153203342618, "merieveritt": 0.008356545961002786, "townfieldfox": 0.008356545961002786, "tomhfh": 0.016713091922005572, "SteveBakerHW": 0.008356545961002786, "DailyMailUK": 0.011142061281337047, "Jennyflower": 0.008356545961002786, "danharrison92": 0.008356545961002786, "TeenaGates": 0.008356545961002786, "alikhan28": 0.008356545961002786, "KevinJosephCMX": 0.008356545961002786, "Changeling_1": 0.008356545961002786, "ballet_ann": 0.011142061281337047, "SarahJ_Whitney": 0.011142061281337047, "pete77022741": 0.008356545961002786, "ThatTimWalker": 0.019498607242339833, "glen_fewings": 0.008356545961002786, "JohnLewisEU": 0.008356545961002786, "lennieladdie": 0.008356545961002786, "EcclesAdy": 0.008356545961002786, "sceptical50": 0.008356545961002786, "anyotherleader": 0.008356545961002786, "Reuters": 0.013927576601671309, "MirrorPolitics": 0.008356545961002786, "sukihothi": 0.013927576601671309, "NobleGuardianIE": 0.008356545961002786, "piersmorgan": 0.055710306406685235, "Femi_Sorry": 0.016713091922005572, "KevinRampling": 0.008356545961002786, "NYGovCuomo": 0.008356545961002786, "AlexBerenson": 0.022284122562674095, "nickon1055": 0.013927576601671309, "BenDunnell": 0.008356545961002786, "m0919267": 0.011142061281337047, "rebjch": 0.008356545961002786, "BpsmithUk": 0.013927576601671309, "FFCGCFC66": 0.011142061281337047, "theRealRayThomp": 0.016713091922005572, "CityNewsTO": 0.008356545961002786, "IanMaher7": 0.013927576601671309, "WorldCOVID19": 0.008356545961002786, "BertaW": 0.008356545961002786, "nooneatnowhere": 0.011142061281337047, "seanayre23": 0.008356545961002786, "MattHancock": 0.08635097493036212, "scally55": 0.008356545961002786, "laserlipstick": 0.011142061281337047, "Duffycaramole": 0.008356545961002786, "Pembs_Citizen_Z": 0.011142061281337047, "mi6rogue": 0.019498607242339833, "OrbitStudios": 0.008356545961002786, "brianrstill": 0.008356545961002786, "DonSuths88": 0.008356545961002786, "PritchardGriff2": 0.008356545961002786, "doctor_oxford": 0.033426183844011144, "AngelaRoberts2": 0.008356545961002786, "McFlavour7": 0.008356545961002786, "Iamlistening666": 0.013927576601671309, "SusanlLawson": 0.011142061281337047, "GPDrYvetteDoc": 0.016713091922005572, "ScottGottliebMD": 0.008356545961002786, "Dollymixture200": 0.008356545961002786, "afneil": 0.013927576601671309, "andylonsdaledol": 0.011142061281337047, "JamesCleverly": 0.008356545961002786, "PhilipRadbourne": 0.013927576601671309, "mcallcott": 0.008356545961002786, "MiraDreams": 0.008356545961002786, "plugtheleckie": 0.008356545961002786, "newey1980": 0.016713091922005572, "ineverfollow": 0.008356545961002786, "zettsail": 0.008356545961002786, "DHSCgovuk": 0.019498607242339833, "paulreiddublin": 0.008356545961002786, "bradydan": 0.011142061281337047, "trygerspud": 0.008356545961002786, "martinhector1": 0.008356545961002786, "julianHjessop": 0.008356545961002786, "behonest65": 0.016713091922005572, "Closertothedge1": 0.008356545961002786, "MarCAjD4": 0.008356545961002786, "tabithaplain": 0.008356545961002786, "DenbyJnrJnr": 0.013927576601671309, "Timlagor": 0.008356545961002786, "heleneburr": 0.008356545961002786, "DbAshby": 0.011142061281337047, "MrsABC321": 0.008356545961002786, "10DowningStreet": 0.013927576601671309, "Geordiebish007": 0.008356545961002786, "liamyoung": 0.016713091922005572, "987_charles": 0.011142061281337047, "DKJalink": 0.008356545961002786, "MickeyDee43": 0.008356545961002786, "Samanth82047844": 0.008356545961002786, "Peston": 0.033426183844011144, "DrDomPimenta": 0.016713091922005572, "Tay0nig": 0.011142061281337047, "LBC": 0.03064066852367688, "cmdhindle": 0.008356545961002786, "EstherMcVey1": 0.011142061281337047, "a_darkcorner": 0.008356545961002786, "JasonGroves1": 0.055710306406685235, "JustSayEngland": 0.011142061281337047, "titianted": 0.008356545961002786, "LEdwardsShea": 0.008356545961002786, "BernieRandall8": 0.011142061281337047, "derek_longden": 0.008356545961002786, "googoo4gaga6": 0.011142061281337047, "JuliaHB1": 0.036211699164345405, "OnNegation": 0.008356545961002786, "dragonfly_": 0.013927576601671309, "MikeUKScott": 0.008356545961002786, "BBCNews": 0.036211699164345405, "melulater": 0.011142061281337047, "Reset_The_WES": 0.008356545961002786, "Onebiskuit": 0.008356545961002786, "rmholdsworth": 0.019498607242339833, "JohnTory": 0.008356545961002786, "News24": 0.011142061281337047, "NotJstABlindGuy": 0.011142061281337047, "AllTheDisasters": 0.008356545961002786, "Citi_ZenSane": 0.008356545961002786, "edwinhayward": 0.008356545961002786, "BBCPolitics": 0.016713091922005572, "AlisonRam": 0.008356545961002786, "JerseygirlSusan": 0.008356545961002786, "SkyNews": 0.052924791086350974, "Msthaby1": 0.011142061281337047, "SophieCarrPhoto": 0.013927576601671309, "kerry_sbli": 0.008356545961002786, "kiwanuka80": 0.008356545961002786, "bbclaurak": 0.013927576601671309, "NYHISD": 0.011142061281337047, "icecreemy": 0.008356545961002786, "BritishAlba": 0.011142061281337047, "ClareEB2": 0.008356545961002786, "NYInformed": 0.022284122562674095, "simon_ball46": 0.008356545961002786, "tezzr44": 0.008356545961002786, "YvonneBurford": 0.008356545961002786, "Gaby98699204": 0.019498607242339833, "Ian63smart": 0.008356545961002786, "harrison_alan": 0.008356545961002786, "decarteret2006": 0.011142061281337047, "karmamum1": 0.008356545961002786, "GabrielScally": 0.008356545961002786, "BrokenMatrix2": 0.011142061281337047, "abigailinthedel": 0.008356545961002786, "HaryaxPathak": 0.011142061281337047, "bickypeg": 0.008356545961002786, "richbsys": 0.011142061281337047, "LindaLunn7": 0.008356545961002786, "Jeromesh68": 0.008356545961002786, "VernonBriscoe": 0.013927576601671309, "TorontoIDDoc": 0.008356545961002786, "amateuradam": 0.011142061281337047, "adrian_sharman": 0.011142061281337047, "StanleyZheng17": 0.011142061281337047, "uptheboro4": 0.008356545961002786, "bea1060": 0.008356545961002786, "BogochIsaac": 0.008356545961002786, "ColeshillJohn": 0.011142061281337047, "ianrweeks": 0.008356545961002786, "tanb2002": 0.008356545961002786, "TeamBaDJane": 0.008356545961002786, "laoda2000": 0.008356545961002786, "RonaldA16957298": 0.013927576601671309, "libertarian993": 0.008356545961002786, "IanBarwell1": 0.008356545961002786, "DrRosena": 0.036211699164345405, "AnnB03": 0.016713091922005572, "Nkocnaty_Jele": 0.008356545961002786, "anthonyfurey": 0.008356545961002786, "edinburghlurker": 0.008356545961002786, "roger_lfc": 0.008356545961002786, "YegorTarazevich": 0.027855153203342618, "GraemeC46706422": 0.008356545961002786, "Elise_ekd": 0.008356545961002786, "Robbi_K_": 0.011142061281337047, "JackBon60290058": 0.013927576601671309, "jkwan_md": 0.008356545961002786, "AnnLouise_66": 0.008356545961002786, "Hulagirluk1965": 0.008356545961002786, "canada7hansen": 0.008356545961002786, "NigheanEilidh": 0.008356545961002786, "JoeBiden": 0.008356545961002786, "Chrissy1b": 0.013927576601671309, "ajakse7en": 0.011142061281337047, "northerness": 0.011142061281337047, "64angel2": 0.008356545961002786, "Jocelynbeard": 0.008356545961002786, "WeCopyYouDown": 0.011142061281337047, "SpinnrGames": 0.011142061281337047, "cj_dinenage": 0.008356545961002786, "AndrewClemson": 0.008356545961002786, "RichardKing633": 0.008356545961002786, "Mr_Matt_Read": 0.008356545961002786, "MLGG2": 0.008356545961002786, "DrKateTO": 0.008356545961002786, "EmblenReal": 0.008356545961002786, "JustJulz8": 0.008356545961002786, "AsBrexit": 0.008356545961002786, "staciemontero": 0.008356545961002786, "Buti_Hlomz": 0.011142061281337047, "JulieOwenMoylan": 0.016713091922005572, "saramaxineARA": 0.008356545961002786, "EadeDebbie": 0.013927576601671309, "GeorgesonMaggie": 0.008356545961002786, "cestmoialex": 0.008356545961002786, "splootman": 0.011142061281337047, "BillyBy17": 0.011142061281337047,