{"DmodosCutter": 0.0558659217877095, "Ian45368047": 0.0558659217877095, "DrRosena": 0.4357541899441341, "susantozer1": 0.0558659217877095, "RichardScribbl1": 0.4134078212290503, "RantingJon": 0.0558659217877095, "MichaelRosenYes": 0.111731843575419, "RobertGEdge": 0.06145251396648045, "POSH_JOCK": 0.07262569832402235, "s9tmt": 0.06145251396648045, "MsRonnieDorsey": 0.0558659217877095, "tonypatt2000": 0.2011173184357542, "drphilhammond": 0.0782122905027933, "DrDomPimenta": 0.22905027932960895, "Gordon1000": 0.06145251396648045, "FurryDespot": 0.06145251396648045, "BarbaraSutton15": 0.13966480446927373, "JohnHoward46": 0.0782122905027933, "Eddystone506": 0.07262569832402235, "fionn114": 0.0670391061452514, "Artboy1": 0.08379888268156425, "SueSuezep": 0.0670391061452514, "Sillyshib": 0.0670391061452514, "Jay31110641": 0.0670391061452514, "MAEgofrance": 0.111731843575419, "SheronWilkie": 0.06145251396648045, "BurtsBikeBits": 0.0670391061452514, "hawkins_carole": 0.13966480446927373, "DisheartenedD": 0.1229050279329609, "globalhlthtwit": 0.31843575418994413, "MeallyHen": 0.09497206703910614, "tommousk": 0.0782122905027933, "CurnowBronwyn": 0.0670391061452514, "JulieCuninghame": 0.15083798882681565, "broseph_stalin": 0.08379888268156425, "mmaher70": 0.2011173184357542, "Dorothy90237074": 0.06145251396648045, "knitagran": 0.06145251396648045, "JanetRogers15": 0.07262569832402235, "StrongerStabler": 0.0558659217877095, "oldstinkyone": 0.0893854748603352, "PatriciaSomer11": 0.0782122905027933, "martindvz": 0.06145251396648045, "NottmResistance": 0.0670391061452514, "VintiquesMark": 0.0558659217877095, "SandraHalifax": 0.0782122905027933, "DeborahMeaden": 0.4022346368715084, "Indra68": 0.07262569832402235, "gemandmoll": 0.06145251396648045, "buntysharp": 0.0558659217877095, "RichardJMurphy": 0.1005586592178771, "redgraeme": 0.0558659217877095, "Patrici89225734": 0.06145251396648045, "FishGirls23": 0.0558659217877095, "JohnDalton6011": 0.2458100558659218, "WalshHeyjude": 0.0558659217877095, "johnpilger": 0.07262569832402235, "gandoflam": 0.07262569832402235, "StarterPat": 0.08379888268156425, "tinamcdermott10": 0.08379888268156425, "ThatTimWalker": 0.3743016759776536, "j_sutherland2": 0.0558659217877095, "BJ_Gardener": 0.0782122905027933, "janemccourt1": 0.06145251396648045, "sdnpb_norman": 0.0558659217877095, "2SpencerRoad": 0.18435754189944134, "stevewmobb": 0.07262569832402235, "Edwards72Sue": 0.0558659217877095, "TCMuffin": 0.06145251396648045, "judirayner": 0.0670391061452514, "F__CKTHETORIES": 0.0782122905027933, "Idontmind64": 0.0670391061452514, "PBlockTom": 0.06145251396648045, "Femi_Sorry": 0.06145251396648045, "FlorenceSSG": 0.0558659217877095, "cleggy261": 0.10614525139664804, "ThelmaMcNamara3": 0.0558659217877095, "Lifelandlady": 0.0558659217877095, "Allchanges": 0.0558659217877095, "divadarlings1": 0.0558659217877095, "Noname06401912": 0.06145251396648045, "RuthieR": 0.06145251396648045, "robdarneyno1": 0.0782122905027933, "johnandi": 0.06145251396648045, "AngelaRayner": 0.0670391061452514, "acgrayling": 0.07262569832402235, "JulieBJewellery": 0.0670391061452514, "neighbour_kx": 0.11731843575418995, "seusssl": 0.06145251396648045, "chrischirp": 0.0782122905027933, "edwinhayward": 0.34078212290502796, "caz5697": 0.1005586592178771, "KKrowe9": 0.0670391061452514, "FFCGCFC66": 0.06145251396648045, "JamesEFoster": 0.0558659217877095, "heather63262308": 0.1005586592178771, "JulieHSoc1": 0.0558659217877095, "AlisonRam": 0.28491620111731847, "jemloire": 0.0893854748603352, "StephenMcGann": 0.1675977653631285, "DavidGauke": 0.11731843575418995, "CymraegChris": 0.08379888268156425, "carolmacqueen": 0.0558659217877095, "Number10cat": 0.0893854748603352, "fascinatorfun": 0.18994413407821228, "stergio2": 0.0558659217877095, "kazzacoey": 0.0893854748603352, "UKdemocrat": 0.46368715083798884, "janestevenson68": 0.07262569832402235, "authoress41": 0.06145251396648045, "Itsativoliday13": 0.0558659217877095, "mooojones": 0.0893854748603352, "nancyholiday": 0.08379888268156425, "eric_max_123": 0.07262569832402235, "DutchNewchurch": 0.08379888268156425, "davesh153": 0.0670391061452514, "PeterStefanovi2": 0.111731843575419, "ledredman": 0.0558659217877095, "SpanishDan1": 0.1340782122905028, "JimMFelton": 0.08379888268156425, "karenbway_karen": 0.07262569832402235, "MartinD35757404": 0.0782122905027933, "FoxiePunkFolk": 0.0558659217877095, "DonWurkin": 0.0558659217877095, "catherinemginn": 0.07262569832402235, "timolarch": 0.06145251396648045, "catsincharge20": 0.09497206703910614, "spicerhl": 0.06145251396648045, "60sleigh": 0.0782122905027933, "PatrickAndrews": 0.06145251396648045, "jagxjr40": 0.08379888268156425, "phyl_jones": 0.0558659217877095, "HelenRSalisbury": 0.1005586592178771, "homeryead": 0.06145251396648045, "Austchloe": 0.0670391061452514, "Kevin_Maguire": 0.06145251396648045, "bridgetcraig12": 0.0558659217877095, "doctor_oxford": 0.4916201117318436, "xpatjock": 0.0558659217877095, "Sanyeh1": 0.0782122905027933, "LawdyMissClawdy": 0.06145251396648045, "thinkofthehuma1": 0.0782122905027933, "DrWinTadd": 0.0558659217877095, "EdenRiver3": 0.06145251396648045, "Darrell58156011": 0.06145251396648045, "raymond_benton": 0.0670391061452514, "SteveLawrence_": 0.0670391061452514, "dougiedoings": 0.06145251396648045, "Tsunami65": 0.07262569832402235, "Jamesbobble": 0.3240223463687151, "Matthew82069336": 0.15083798882681565, "GeziWoman": 0.07262569832402235, "chris_traynor": 0.111731843575419, "guse_guse": 0.08379888268156425, "alan_matts": 0.0558659217877095, "ElliH53": 0.111731843575419, "TaniaAlcor": 0.0558659217877095, "krishgm": 0.35195530726256985, "sammwittings": 0.31843575418994413, "CordeliaAppleb1": 0.06145251396648045, "margaret_ruane": 0.08379888268156425, "SueLam25": 0.0670391061452514, "simonclarke10": 0.06145251396648045, "JujuliaGrace": 0.35195530726256985, "carryonkeith": 0.1675977653631285, "steve20594431": 0.07262569832402235, "LJRyder16": 0.1005586592178771, "johnrobertforde": 0.0558659217877095, "Sharedlives4": 0.0670391061452514, "DianeFirestoker": 0.0782122905027933, "DingaBelle": 0.06145251396648045, "SandraDunn1955": 0.12849162011173185, "fitzfun2011": 0.223463687150838, "JulieTaylorLan1": 0.0670391061452514, "Penelop11785074": 0.06145251396648045, "HopeFbpe": 0.0893854748603352, "franbulwer": 0.06145251396648045, "viviengreenlee1": 0.09497206703910614, "Dougmbe97": 0.0558659217877095, "TymVirginia": 0.10614525139664804}