{"DmodosCutter": 0.09533249234096233, "Ian45368047": 0.0, "DrRosena": 0.45148857930839403, "susantozer1": 0.0, "RichardScribbl1": 0.41446263233972735, "RantingJon": 0.0, "MichaelRosenYes": 0.10815642458100558, "RobertGEdge": 0.0, "POSH_JOCK": 0.0, "s9tmt": 0.0, "MsRonnieDorsey": 0.0, "tonypatt2000": 0.20811005966632465, "drphilhammond": 0.0782122905027933, "DrDomPimenta": 0.3138534931893792, "Gordon1000": 0.0, "FurryDespot": 0.0, "BarbaraSutton15": 0.13433214829862875, "JohnHoward46": 0.0, "Eddystone506": 0.11362359965711921, "fionn114": 0.0, "Artboy1": 0.0, "SueSuezep": 0.061452513966480445, "Sillyshib": 0.0670391061452514, "Jay31110641": 0.0, "MAEgofrance": 0.0, "SheronWilkie": 0.0, "BurtsBikeBits": 0.0, "hawkins_carole": 0.1328227983177453, "DisheartenedD": 0.0, "globalhlthtwit": 0.3139392287777626, "MeallyHen": 0.0, "tommousk": 0.14660467052985876, "CurnowBronwyn": 0.0, "JulieCuninghame": 0.0, "broseph_stalin": 0.08379888268156424, "mmaher70": 0.20615028436257488, "Dorothy90237074": 0.08955476553241917, "knitagran": 0.0, "JanetRogers15": 0.0, "StrongerStabler": 0.05746209098164405, "oldstinkyone": 0.0, "PatriciaSomer11": 0.0, "martindvz": 0.0, "NottmResistance": 0.0, "VintiquesMark": 0.01675977653631285, "SandraHalifax": 0.0, "DeborahMeaden": 0.47424286974419283, "Indra68": 0.0, "gemandmoll": 0.0, "buntysharp": 0.0, "RichardJMurphy": 0.09696727853152436, "redgraeme": 0.0, "Patrici89225734": 0.0, "FishGirls23": 0.11736538190695273, "JohnDalton6011": 0.28059266456157395, "WalshHeyjude": 0.0, "johnpilger": 0.15872286259811894, "gandoflam": 0.0, "StarterPat": 0.0, "tinamcdermott10": 0.00558659217877095, "ThatTimWalker": 0.37880114751623134, "j_sutherland2": 0.00558659217877095, "BJ_Gardener": 0.0, "janemccourt1": 0.0, "sdnpb_norman": 0.0, "2SpencerRoad": 0.13966480446927376, "stevewmobb": 0.0, "Edwards72Sue": 0.0, "TCMuffin": 0.0, "judirayner": 0.0, "F__CKTHETORIES": 0.0, "Idontmind64": 0.0, "PBlockTom": 0.0, "Femi_Sorry": 0.05900837988826816, "FlorenceSSG": 0.07388268156424581, "cleggy261": 0.0, "ThelmaMcNamara3": 0.0, "Lifelandlady": 0.0, "Allchanges": 0.0, "divadarlings1": 0.0, "Noname06401912": 0.1970949720670391, "RuthieR": 0.11177839851024209, "robdarneyno1": 0.0, "johnandi": 0.0, "AngelaRayner": 0.06983240223463687, "acgrayling": 0.0223463687150838, "JulieBJewellery": 0.0, "neighbour_kx": 0.0, "seusssl": 0.0, "chrischirp": 0.07688214950784783, "edwinhayward": 0.34017925324544834, "caz5697": 0.0, "KKrowe9": 0.0, "FFCGCFC66": 0.0, "JamesEFoster": 0.055865921787709494, "heather63262308": 0.0, "JulieHSoc1": 0.0, "AlisonRam": 0.31048560378169315, "jemloire": 0.0, "StephenMcGann": 0.2710207366726636, "DavidGauke": 0.16833684759689585, "CymraegChris": 0.0, "carolmacqueen": 0.0, "Number10cat": 0.0893854748603352, "fascinatorfun": 0.1698324022346369, "stergio2": 0.0, "kazzacoey": 0.14251080425845897, "UKdemocrat": 0.4743187777904458, "janestevenson68": 0.12872120609168133, "authoress41": 0.0, "Itsativoliday13": 0.0, "mooojones": 0.0, "nancyholiday": 0.0, "eric_max_123": 0.0, "DutchNewchurch": 0.0, "davesh153": 0.0, "PeterStefanovi2": 0.10083798882681563, "ledredman": 0.027932960893854747, "SpanishDan1": 0.12071029529130088, "JimMFelton": 0.08412750575090372, "karenbway_karen": 0.0, "MartinD35757404": 0.00558659217877095, "FoxiePunkFolk": 0.10925358087957322, "DonWurkin": 0.0074487895716946, "catherinemginn": 0.0074487895716946, "timolarch": 0.11441516737782079, "catsincharge20": 0.0, "spicerhl": 0.0, "60sleigh": 0.0, "PatrickAndrews": 0.0, "jagxjr40": 0.0, "phyl_jones": 0.0, "HelenRSalisbury": 0.1463923204028641, "homeryead": 0.0, "Austchloe": 0.0, "Kevin_Maguire": 0.1704984959174903, "bridgetcraig12": 0.0, "doctor_oxford": 0.5123199059100265, "xpatjock": 0.0, "Sanyeh1": 0.0, "LawdyMissClawdy": 0.18438081936685288, "thinkofthehuma1": 0.0, "DrWinTadd": 0.0, "EdenRiver3": 0.0, "Darrell58156011": 0.0, "raymond_benton": 0.0, "SteveLawrence_": 0.0670391061452514, "dougiedoings": 0.0, "Tsunami65": 0.00558659217877095, "Jamesbobble": 0.3384174278029027, "Matthew82069336": 0.2015371201601705, "GeziWoman": 0.0, "chris_traynor": 0.0, "guse_guse": 0.0, "alan_matts": 0.0, "ElliH53": 0.0, "TaniaAlcor": 0.0, "krishgm": 0.38495111731843573, "sammwittings": 0.3257768133339489, "CordeliaAppleb1": 0.0, "margaret_ruane": 0.0, "SueLam25": 0.0, "simonclarke10": 0.0, "JujuliaGrace": 0.42161492829580144, "carryonkeith": 0.19157830730057387, "steve20594431": 0.0, "LJRyder16": 0.01675977653631285, "johnrobertforde": 0.0, "Sharedlives4": 0.0, "DianeFirestoker": 0.0, "DingaBelle": 0.0, "SandraDunn1955": 0.0, "fitzfun2011": 0.1328227983177453, "JulieTaylorLan1": 0.10279329608938548, "Penelop11785074": 0.0, "HopeFbpe": 0.0, "franbulwer": 0.012569832402234637, "viviengreenlee1": 0.0, "Dougmbe97": 0.0, "TymVirginia": 0.0}